segment_id,road_id,highway_type,surface,center_lon,center_lat,start_lon,start_lat,end_lon,end_lat,length_km,rainfall_mm,rainfall_mm_avg,elevation_m,slope,lc_flood_susceptibility,historic_flood_count,historic_flood_nearby,road_type_risk,drainage_capacity,low_elevation_risk,high_slope_safety,heavy_rainfall,water_proximity_risk,rainfall_x_susceptibility,elevation_x_rainfall,historic_flood_norm,flood_label,flood_probability
seg_0_0,0,secondary,unpaved,90.32316053460869,23.71918427574944,90.32066053460869,23.71668427574944,90.32566053460869,23.72168427574944,0.7537899569651247,120.6751848399222,132.1189081063765,0.0,3.0817667276728287,0.8,3,9,0.3,0.3,1,0,1,1.0,105.6951264851012,0.0,0.3333333333333333,0,0.3333333333333333
seg_0_1,0,secondary,unpaved,90.32816053460868,23.72418427574944,90.32566053460869,23.72168427574944,90.3306605346087,23.72668427574944,0.7537767768888884,120.6751848399222,147.04898477583507,0.0,3.0817667276728287,0.8,3,6,0.3,0.3,1,0,1,1.0,117.63918782066806,0.0,0.3333333333333333,0,0.3333333333333333
seg_0_2,0,secondary,unpaved,90.3331605346087,23.72918427574944,90.3306605346087,23.72668427574944,90.33566053460869,23.73168427574944,0.7537635944697376,126.8545666318686,105.45409456206293,0.0,2.845157971184322,0.8,2,9,0.3,0.3,1,0,1,1.0,84.36327564965035,0.0,0.2222222222222222,0,0.2222222222222222
seg_0_3,0,secondary,unpaved,90.33816053460869,23.734184275749442,90.33566053460869,23.73168427574944,90.34066053460869,23.73668427574944,0.7537504097084722,68.83253221439801,106.48715174171976,0.0,2.367619840209711,0.4,4,9,0.3,0.3,1,0,0,1.0,42.5948606966879,0.0,0.4444444444444444,0,0.4444444444444444
seg_1_0,1,residential,unpaved,90.51570535625089,23.752725915350297,90.5132053562509,23.7502259153503,90.51820535625089,23.755225915350298,0.7537014958493231,197.11090153751442,158.53318423044144,9.048669932967245,0.628326302769534,0.2,3,10,0.5,0.3,1,0,1,0.4045956954639832,31.706636846088287,1434.5144575235524,0.3333333333333333,0,0.3333333333333333
seg_1_1,1,residential,unpaved,90.52070535625089,23.7577259153503,90.51820535625089,23.755225915350298,90.5232053562509,23.7602259153503,0.7536883000648834,183.2988620398098,158.53318423044144,10.56214092961239,3.494938227453236,0.8,2,10,0.5,0.3,0,0,1,0.3477699458488258,126.82654738435315,1674.449833862127,0.2222222222222222,0,0.2222222222222222
seg_1_2,1,residential,unpaved,90.5257053562509,23.762725915350302,90.5232053562509,23.7602259153503,90.5282053562509,23.7652259153503,0.7536751019393996,183.2988620398098,158.53318423044144,10.56214092961239,3.494938227453236,0.8,2,10,0.5,0.3,0,0,1,0.3477699458488258,126.82654738435315,1674.449833862127,0.2222222222222222,0,0.2222222222222222
seg_1_3,1,residential,unpaved,90.53070535625089,23.767725915350297,90.5282053562509,23.7652259153503,90.53320535625089,23.7702259153503,0.7536619014736723,183.2988620398098,158.53318423044144,10.56214092961239,3.494938227453236,0.8,2,10,0.5,0.3,0,0,1,0.3477699458488258,126.82654738435315,1674.449833862127,0.2222222222222222,0,0.2222222222222222
seg_2_0,2,primary,asphalt,90.48059314779722,23.72489753542579,90.47809314779722,23.722397535425788,90.48309314779722,23.727397535425787,0.7537748965340342,66.88705856179055,81.35148479573083,0.0,1.253421653459761,0.4,0,7,0.2,0.7,1,0,0,1.0,32.54059391829233,0.0,0.0,0,0.0
seg_2_1,2,primary,asphalt,90.48559314779723,23.72989753542579,90.48309314779722,23.727397535425787,90.48809314779723,23.73239753542579,0.7537617137824161,105.39211553233116,78.26626228084307,0.0,3.1806409124521444,0.2,5,10,0.2,0.7,1,0,1,1.0,15.653252456168614,0.0,0.5555555555555556,1,0.5555555555555556
seg_2_2,2,primary,asphalt,90.49059314779723,23.734897535425787,90.48809314779723,23.73239753542579,90.49309314779723,23.73739753542579,0.7537485286861918,56.30370127571079,86.37877975581266,0.004000398697961316,1.5483405238403773,0.4,7,14,0.2,0.7,1,0,0,0.9996000401354838,34.55151190232507,0.34554955806664023,0.7777777777777778,1,0.7777777777777778
seg_2_3,2,primary,asphalt,90.49559314779722,23.73989753542579,90.49309314779723,23.73739753542579,90.49809314779722,23.742397535425788,0.7537353412484326,56.30370127571079,120.83070393557853,0.004000398697961316,1.5483405238403773,0.4,7,16,0.2,0.7,1,0,0,0.9996000401354838,48.332281574231416,0.4833709906976376,0.7777777777777778,1,0.7777777777777778
seg_3_0,3,secondary,unpaved,90.48283419831898,23.665055158338816,90.48033419831899,23.662555158338815,90.48533419831898,23.667555158338814,0.7539324921289662,95.4373593249789,123.07809883323675,14.48581561324998,2.1342964972477927,0.6,2,7,0.3,0.3,0,0,0,0.2349032477480363,73.84685929994205,1782.886645727625,0.2222222222222222,0,0.2222222222222222
seg_3_1,3,secondary,unpaved,90.48783419831898,23.670055158338815,90.48533419831898,23.667555158338814,90.49033419831899,23.672555158338817,0.7539193374288854,134.76279686791344,143.3183799049535,13.846602081539713,1.474120324104796,0.8,3,7,0.3,0.3,0,0,1,0.2504088722303742,114.65470392396281,1984.4725775148286,0.3333333333333333,0,0.3333333333333333
seg_3_2,3,secondary,unpaved,90.49283419831899,23.675055158338814,90.49033419831899,23.672555158338817,90.49533419831899,23.677555158338816,0.7539061803828769,156.15820254012914,143.3183799049535,9.86533899709548,0.8181258745791988,0.4,2,7,0.3,0.3,1,0,1,0.37286684771331796,57.32735196198141,1413.8844022768828,0.2222222222222222,0,0.2222222222222222
seg_3_3,3,secondary,unpaved,90.49783419831898,23.680055158338817,90.49533419831899,23.677555158338816,90.50033419831898,23.682555158338815,0.7538930209917407,198.9882523134446,151.9160956229792,9.9290415283069,2.8616361244979442,0.4,5,7,0.3,0.3,1,0,1,0.37049914096536657,60.76643824919169,1508.3812222588028,0.5555555555555556,1,0.5555555555555556
seg_4_0,4,secondary,asphalt,90.40423806881603,23.745898520825456,90.40173806881603,23.74339852082546,90.40673806881603,23.748398520825457,0.7537195106333681,191.55523892303313,174.61730696142823,4.879314291537776,1.4061885919312949,0.6,3,6,0.3,0.7,1,0,1,0.6138949668969668,104.77038417685694,852.0127214067355,0.3333333333333333,0,0.3333333333333333
seg_4_1,4,secondary,asphalt,90.40923806881602,23.75089852082546,90.40673806881603,23.748398520825457,90.41173806881604,23.75339852082546,0.7537063180473226,191.55523892303313,124.6133318075598,4.879314291537776,1.4061885919312949,0.6,3,7,0.3,0.7,1,0,1,0.6138949668969668,74.76799908453587,608.0276108047655,0.3333333333333333,0,0.3333333333333333
seg_4_2,4,secondary,asphalt,90.41423806881603,23.75589852082546,90.41173806881604,23.75339852082546,90.41673806881603,23.75839852082546,0.7536931231169681,101.80129283673318,92.424207741898,11.579943562317368,0.2523634901717384,0.2,4,6,0.3,0.7,0,0,1,0.3141155534253117,18.484841548379602,1070.2671094430748,0.4444444444444444,0,0.4444444444444444
seg_4_3,4,secondary,asphalt,90.41923806881603,23.760898520825457,90.41673806881603,23.75839852082546,90.42173806881603,23.763398520825458,0.7536799258462503,94.98786672604771,109.02429064642784,11.994480126498438,1.3502347731517328,0.8,2,10,0.3,0.7,0,0,0,0.30136051320099927,87.21943251714228,1307.6896874641682,0.2222222222222222,0,0.2222222222222222
seg_5_0,5,residential,unpaved,90.46090158606903,23.675834644905883,90.45840158606903,23.673334644905886,90.46340158606903,23.678334644905885,0.7539041290234879,116.04851275525235,103.96724011133988,16.5441284251324,2.552299937679523,0.2,2,5,0.5,0.3,0,0,1,0.1912042897829475,20.793448022267977,1720.0473724085834,0.2222222222222222,0,0.2222222222222222
seg_5_1,5,residential,unpaved,90.46590158606904,23.680834644905886,90.46340158606903,23.678334644905885,90.46840158606904,23.683334644905887,0.7538909692681741,88.79312523320581,103.96724011133988,14.134701526903395,3.4558223221467665,0.2,2,5,0.5,0.3,0,0,0,0.2432975369654819,20.793448022267977,1469.5459075496876,0.2222222222222222,0,0.2222222222222222
seg_5_2,5,residential,unpaved,90.47090158606903,23.68583464490589,90.46840158606904,23.683334644905887,90.47340158606903,23.688334644905886,0.7538778071649073,88.79312523320581,99.84143452194667,14.134701526903395,3.4558223221467665,0.2,2,8,0.5,0.3,0,0,0,0.2432975369654819,19.968286904389334,1411.228876985585,0.2222222222222222,0,0.2222222222222222
seg_5_3,5,residential,unpaved,90.47590158606903,23.690834644905884,90.47340158606903,23.688334644905886,90.47840158606903,23.693334644905885,0.7538646427199975,92.37440989592784,134.60862304322248,9.670673729341488,1.3926455667877886,0.6,4,10,0.5,0.3,1,0,0,0.3801963789900326,80.76517382593349,1301.7560746069228,0.4444444444444444,0,0.4444444444444444
seg_6_0,6,residential,unpaved,90.45026115759627,23.800546557606133,90.44776115759628,23.798046557606135,90.45276115759627,23.803046557606134,0.7535751938428733,153.0528899754864,133.4627702889696,17.0441782434018,2.5156280884439566,0.4,3,12,0.5,0.3,0,0,1,0.18187824044412584,53.38510811558785,2274.763245663388,0.3333333333333333,0,0.3333333333333333
seg_6_1,6,residential,unpaved,90.45526115759628,23.805546557606135,90.45276115759627,23.803046557606134,90.45776115759628,23.808046557606136,0.7535619756868206,123.929687667117,87.94171348699193,5.005721616131703,2.0124993219072502,0.6,3,3,0.5,0.3,1,0,1,0.606183725412644,52.76502809219516,440.21173616149645,0.3333333333333333,0,0.3333333333333333
seg_6_2,6,residential,unpaved,90.46026115759628,23.810546557606138,90.45776115759628,23.808046557606136,90.46276115759628,23.813046557606135,0.7535487551895134,123.929687667117,117.122671493081,5.005721616131703,2.0124993219072502,0.6,3,5,0.5,0.3,1,0,1,0.606183725412644,70.2736028958486,586.283488432008,0.3333333333333333,0,0.3333333333333333
seg_6_3,6,residential,unpaved,90.46526115759627,23.815546557606133,90.46276115759628,23.813046557606135,90.46776115759627,23.818046557606134,0.7535355323557695,121.071474259692,101.63421284928175,0.0,2.8764556455029355,0.2,1,9,0.5,0.3,1,0,1,1.0,20.326842569856353,0.0,0.1111111111111111,0,0.1111111111111111
seg_7_0,7,secondary,asphalt,90.50544206474893,23.666609627407226,90.50294206474894,23.664109627407225,90.50794206474893,23.669109627407224,0.7539284026643894,93.50682979436553,126.95244234173735,13.678808511180321,1.468545448640785,0.4,4,9,0.3,0.7,0,0,0,0.2546460210060405,50.78097693669494,1736.5581488192859,0.4444444444444444,0,0.4444444444444444
seg_7_1,7,secondary,asphalt,90.51044206474893,23.671609627407225,90.50794206474893,23.669109627407224,90.51294206474894,23.674109627407226,0.7539152472365959,141.27909090446997,139.53540636411572,16.714598299526084,0.6807528054012326,0.6,4,9,0.3,0.7,0,0,1,0.187972457423254,83.72124381846943,2332.2782659373297,0.4444444444444444,0,0.4444444444444444
seg_7_2,7,secondary,asphalt,90.51544206474894,23.676609627407224,90.51294206474894,23.674109627407226,90.51794206474894,23.679109627407225,0.7539020894608578,131.2557218615006,147.86938112356765,15.751955890895623,1.7877910300988482,0.2,4,11,0.3,0.7,0,0,1,0.20696706822167954,29.57387622471353,2329.2319690724717,0.4444444444444444,0,0.4444444444444444
seg_7_3,7,secondary,asphalt,90.52044206474893,23.681609627407227,90.51794206474894,23.679109627407225,90.52294206474893,23.684109627407224,0.7538889293400781,171.07333060473238,124.47066586766236,10.315594684654464,1.287779236350949,0.6,3,9,0.3,0.7,0,0,1,0.3564506533567146,74.68239952059741,1283.9889392198597,0.3333333333333333,0,0.3333333333333333
seg_8_0,8,primary,asphalt,90.38600990544967,23.916978726903075,90.38350990544967,23.914478726903077,90.38850990544967,23.919478726903076,0.7532667839509909,165.74403664679116,160.14330512435694,14.607689910602817,2.1777501062680313,0.8,4,9,0.2,0.7,0,0,1,0.232057755759162,128.11464409948556,2339.323742515657,0.4444444444444444,0,0.4444444444444444
seg_8_1,8,primary,asphalt,90.39100990544966,23.921978726903077,90.38850990544967,23.919478726903076,90.39350990544968,23.92447872690308,0.7532535114262832,165.74403664679116,159.65030708246138,14.607689910602817,2.1777501062680313,0.8,4,11,0.2,0.7,0,0,1,0.232057755759162,127.72024566596912,2332.1221799931127,0.4444444444444444,0,0.4444444444444444
seg_8_2,8,primary,asphalt,90.39600990544967,23.92697872690308,90.39350990544968,23.92447872690308,90.39850990544967,23.929478726903078,0.7532402365679867,128.19440714812083,159.65030708246138,15.448632117538004,2.6386601686431024,0.4,1,11,0.2,0.7,0,0,1,0.21334105177540616,63.86012283298456,2466.378861568918,0.1111111111111111,0,0.1111111111111111
seg_8_3,8,primary,asphalt,90.40100990544967,23.931978726903075,90.39850990544967,23.929478726903078,90.40350990544967,23.934478726903077,0.7532269593789106,177.4963057220993,173.97016742925692,17.780933668039943,1.3952553354617874,0.4,0,10,0.2,0.7,0,0,1,0.16895998507411586,69.58806697170277,3093.35200727742,0.0,0,0.0
seg_9_0,9,primary,asphalt,90.4482920464388,23.70412148939549,90.4457920464388,23.701621489395492,90.45079204643879,23.70662148939549,0.753829648539839,159.05851424230852,114.60296668042521,0.0,3.279518669760159,0.2,5,13,0.2,0.7,1,0,1,1.0,22.920593336085044,0.0,0.5555555555555556,1,0.5555555555555556
seg_9_1,9,primary,asphalt,90.4532920464388,23.709121489395493,90.45079204643879,23.70662148939549,90.4557920464388,23.711621489395494,0.7538164755230152,93.07069371268634,101.88948421727474,0.0,1.629491901409971,0.4,6,14,0.2,0.7,1,0,0,1.0,40.7557936869099,0.0,0.6666666666666666,1,0.6666666666666666
seg_9_2,9,primary,asphalt,90.4582920464388,23.714121489395495,90.4557920464388,23.711621489395494,90.4607920464388,23.716621489395493,0.7538033001595529,93.07069371268634,102.71634194533323,0.0,1.629491901409971,0.4,6,9,0.2,0.7,1,0,0,1.0,41.08653677813329,0.0,0.6666666666666666,1,0.6666666666666666
seg_9_3,9,primary,asphalt,90.4632920464388,23.71912148939549,90.4607920464388,23.716621489395493,90.46579204643879,23.721621489395492,0.7537901224560215,161.53908742648397,139.3741689974885,0.0,2.9514492770580865,0.2,0,8,0.2,0.7,1,0,1,1.0,27.874833799497704,0.0,0.0,0,0.0
seg_10_0,10,primary,asphalt,90.33584866071075,23.90819971668946,90.33334866071075,23.90569971668946,90.33834866071075,23.910699716689457,0.7532900822379066,130.80526969290713,96.97058759813281,17.02291712170024,2.1906355912650244,0.2,3,9,0.2,0.7,0,0,1,0.18226534535302877,19.394117519626562,1650.7222759255878,0.3333333333333333,0,0.3333333333333333
seg_10_1,10,primary,asphalt,90.34084866071075,23.91319971668946,90.33834866071075,23.910699716689457,90.34334866071076,23.91569971668946,0.753276813806346,64.3098915969816,72.6483916647983,20.486016163762,1.271727797593387,0.8,3,11,0.2,0.7,0,0,0,0.12891505029654052,58.11871333183864,1488.2761259163703,0.3333333333333333,0,0.3333333333333333
seg_10_2,10,primary,asphalt,90.34584866071076,23.918199716689458,90.34334866071076,23.91569971668946,90.34834866071076,23.92069971668946,0.7532635430424482,139.04911868128076,87.06589739038866,20.549817198956614,1.9544877546987578,0.8,3,11,0.2,0.7,0,0,1,0.1280951771493334,69.65271791231093,1789.1882756356006,0.3333333333333333,0,0.3333333333333333
seg_10_3,10,primary,asphalt,90.35084866071075,23.92319971668946,90.34834866071076,23.92069971668946,90.35334866071075,23.925699716689458,0.7532502699472772,139.04911868128076,104.12664301316642,20.549817198956614,1.9544877546987578,0.8,3,10,0.2,0.7,0,0,1,0.1280951771493334,83.30131441053314,2139.783479461583,0.3333333333333333,0,0.3333333333333333
seg_11_0,11,residential,unpaved,90.28330586191974,23.69333664375843,90.28080586191975,23.69083664375843,90.28580586191974,23.69583664375843,0.7538580543542995,173.36335605024175,143.73746729978095,0.0,1.1107591717716758,0.4,3,8,0.5,0.3,1,0,1,1.0,57.49498691991238,0.0,0.3333333333333333,0,0.3333333333333333
seg_11_1,11,residential,unpaved,90.28830586191975,23.69833664375843,90.28580586191974,23.69583664375843,90.29080586191975,23.700836643758432,0.7538448863924425,173.36335605024175,158.18514381530318,0.0,1.1107591717716758,0.4,3,6,0.5,0.3,1,0,1,1.0,63.274057526121275,0.0,0.3333333333333333,0,0.3333333333333333
seg_11_2,11,residential,unpaved,90.29330586191975,23.703336643758433,90.29080586191975,23.700836643758432,90.29580586191975,23.70583664375843,0.7538317160836069,144.4336545337605,103.55417676018823,0.0,0.9069882193216414,0.2,3,10,0.5,0.3,1,0,1,1.0,20.71083535203765,0.0,0.3333333333333333,0,0.3333333333333333
seg_11_3,11,residential,unpaved,90.29830586191974,23.70833664375843,90.29580586191975,23.70583664375843,90.30080586191974,23.71083664375843,0.7538185434338411,162.29678511893002,129.01092997102134,0.0,0.9614561791560277,0.2,1,8,0.5,0.3,1,0,1,1.0,25.80218599420427,0.0,0.1111111111111111,0,0.1111111111111111
seg_12_0,12,primary,asphalt,90.27648686617364,23.837113608505803,90.27398686617364,23.8346136085058,90.27898686617364,23.8396136085058,0.75347847006954,92.0055994325734,98.06729788619771,0.0,0.8693846650624737,0.8,3,7,0.2,0.7,1,0,0,1.0,78.45383830895817,0.0,0.3333333333333333,0,0.3333333333333333
seg_12_1,12,primary,asphalt,90.28148686617365,23.8421136085058,90.27898686617364,23.8396136085058,90.28398686617365,23.844613608505803,0.7534652348211504,171.63178715118778,139.23301020635247,0.0,2.145521197768241,0.6,3,5,0.2,0.7,1,0,1,1.0,83.53980612381149,0.0,0.3333333333333333,0,0.3333333333333333
seg_12_2,12,primary,asphalt,90.28648686617365,23.8471136085058,90.28398686617365,23.844613608505803,90.28898686617364,23.849613608505802,0.753451997233815,186.1848190669429,174.77750098762772,0.0,2.0771564962177167,0.6,0,4,0.2,0.7,1,0,1,1.0,104.86650059257663,0.0,0.0,0,0.0
seg_12_3,12,primary,asphalt,90.29148686617364,23.852113608505803,90.28898686617364,23.849613608505802,90.29398686617364,23.8546136085058,0.7534387573138367,186.1848190669429,153.5241163077565,0.0,2.0771564962177167,0.6,0,4,0.2,0.7,1,0,1,1.0,92.11446978465389,0.0,0.0,0,0.0
seg_13_0,13,secondary,asphalt,90.5172395419403,23.713900563882568,90.5147395419403,23.71140056388257,90.5197395419403,23.71640056388257,0.7538038823646016,106.1829330530182,115.6638156356491,0.0,2.640479795200824,0.8,5,11,0.3,0.7,1,0,1,1.0,92.53105250851928,0.0,0.5555555555555556,1,0.5555555555555556
seg_13_1,13,secondary,asphalt,90.52223954194031,23.71890056388257,90.5197395419403,23.71640056388257,90.5247395419403,23.721400563882572,0.7537907047648488,153.15830636458412,119.62449971610897,0.0,0.7306695034533008,0.8,4,12,0.3,0.7,1,0,1,1.0,95.69959977288718,0.0,0.4444444444444444,0,0.4444444444444444
seg_13_2,13,secondary,asphalt,90.5272395419403,23.723900563882573,90.5247395419403,23.721400563882572,90.5297395419403,23.72640056388257,0.7537775248190022,99.53225973072463,119.62449971610899,0.0,2.7890566873755187,0.8,3,12,0.3,0.7,1,0,0,1.0,95.6995997728872,0.0,0.3333333333333333,0,0.3333333333333333
seg_13_3,13,secondary,asphalt,90.5322395419403,23.72890056388257,90.5297395419403,23.72640056388257,90.5347395419403,23.73140056388257,0.7537643425341529,99.53225973072463,115.26733518838189,0.0,2.7890566873755187,0.8,3,7,0.3,0.7,1,0,0,1.0,92.21386815070552,0.0,0.3333333333333333,0,0.3333333333333333
seg_14_0,14,primary,unpaved,90.270770457713,23.84361547625204,90.268270457713,23.84111547625204,90.273270457713,23.846115476252038,0.7534612588449487,100.82909740081274,79.2929113835546,0.0,2.833333911780307,0.8,3,14,0.2,0.3,1,0,1,1.0,63.43432910684368,0.0,0.3333333333333333,0,0.3333333333333333
seg_14_1,14,primary,unpaved,90.27577045771301,23.84861547625204,90.273270457713,23.846115476252038,90.278270457713,23.85111547625204,0.7534480205589351,171.63178715118778,101.6641847458143,0.0,2.145521197768241,0.6,3,9,0.2,0.3,1,0,1,1.0,60.998510847488575,0.0,0.3333333333333333,0,0.3333333333333333
seg_14_2,14,primary,unpaved,90.280770457713,23.85361547625204,90.278270457713,23.85111547625204,90.283270457713,23.85611547625204,0.7534347799348623,60.67374277601492,117.21662135909793,0.0,2.889037122279892,0.2,5,10,0.2,0.3,1,0,0,1.0,23.443324271819588,0.0,0.5555555555555556,1,0.5555555555555556
seg_14_3,14,primary,unpaved,90.285770457713,23.85861547625204,90.283270457713,23.85611547625204,90.288270457713,23.86111547625204,0.7534215369782498,57.53390171959607,56.34450478989137,0.0,2.388978729352184,0.2,3,10,0.2,0.3,1,0,0,1.0,11.268900957978275,0.0,0.3333333333333333,0,0.3333333333333333
seg_15_0,15,primary,unpaved,90.27456584335162,23.77624117321274,90.27206584335163,23.773741173212738,90.27706584335162,23.778741173212737,0.7536394150146756,179.83657184368283,132.3343686820749,19.628519229840887,3.1972469236452277,0.8,1,5,0.2,0.3,0,0,1,0.14045727584224452,105.86749494565993,2597.527700444961,0.1111111111111111,0,0.1111111111111111
seg_15_1,15,primary,unpaved,90.27956584335163,23.781241173212738,90.27706584335162,23.778741173212737,90.28206584335163,23.78374117321274,0.7536262082259427,192.8332678546392,136.66660068572705,19.824753960977482,1.672982682390229,0.8,3,7,0.2,0.3,0,0,1,0.13772788392635837,109.33328054858164,2709.3817332776953,0.3333333333333333,0,0.3333333333333333
seg_15_2,15,primary,unpaved,90.28456584335163,23.786241173212737,90.28206584335163,23.78374117321274,90.28706584335163,23.78874117321274,0.7536129990957308,52.54214973343715,101.74321547707707,20.660623751368306,2.1480894197982763,0.2,2,9,0.2,0.3,0,0,0,0.12668363351002043,20.348643095415415,2102.0782942262817,0.2222222222222222,0,0.2222222222222222
seg_15_3,15,primary,unpaved,90.28956584335162,23.79124117321274,90.28706584335163,23.78874117321274,90.29206584335162,23.793741173212737,0.7535997876268498,59.854228843154864,117.36361971035298,21.39647704112652,2.0795978623760365,0.2,4,8,0.2,0.3,0,0,0,0.11769629964117186,23.472723942070598,2511.1679945960714,0.4444444444444444,0,0.4444444444444444
seg_16_0,16,primary,unpaved,90.29725912584408,23.90783849969008,90.29475912584408,23.905338499690078,90.29975912584408,23.910338499690077,0.7532910407033381,166.0987067229144,150.137686233418,19.49834710710289,2.6032475005713938,0.4,1,7,0.2,0.3,0,0,1,0.14229758991036034,60.05507449336721,2927.4367200364877,0.1111111111111111,0,0.1111111111111111
seg_16_1,16,primary,unpaved,90.30225912584407,23.91283849969008,90.29975912584408,23.910338499690077,90.30475912584409,23.91533849969008,0.7532777724419919,122.13352199045134,158.28258431998435,20.10337382977467,2.212574030632215,0.6,2,6,0.2,0.3,0,0,1,0.13394347679572352,94.96955059199061,3182.013963327476,0.2222222222222222,0,0.2222222222222222
seg_16_2,16,primary,unpaved,90.30725912584408,23.917838499690077,90.30475912584409,23.91533849969008,90.30975912584408,23.92033849969008,0.7532645018456705,122.13352199045134,157.60981501278596,20.10337382977467,2.212574030632215,0.6,2,12,0.2,0.3,0,0,1,0.13394347679572352,94.56588900767157,3168.4890304436685,0.2222222222222222,0,0.2222222222222222
seg_16_3,16,primary,unpaved,90.31225912584408,23.92283849969008,90.30975912584408,23.92033849969008,90.31475912584408,23.925338499690078,0.7532512289177944,175.3738891865774,163.37443911224315,22.210338734274455,1.3858774349916838,0.6,5,7,0.2,0.3,0,0,1,0.10849687877919321,98.02466346734589,3628.6016332050176,0.5555555555555556,1,0.5555555555555556
seg_17_0,17,residential,asphalt,90.2788418777646,23.885236465269152,90.27634187776461,23.882736465269154,90.2813418777646,23.887736465269153,0.7533509895498401,183.26055084630218,151.74490600870107,6.863506806883155,3.272353500106768,0.2,1,9,0.5,0.7,1,0,1,0.5034098242451805,30.348981201740216,1041.5021953005644,0.1111111111111111,0,0.1111111111111111
seg_17_1,17,residential,asphalt,90.28384187776462,23.890236465269155,90.2813418777646,23.887736465269153,90.28634187776461,23.892736465269156,0.7533377318328449,171.04482363259905,157.4685392194395,15.074634301809786,3.103877343316258,0.4,3,8,0.5,0.7,0,0,1,0.2214710428314682,62.9874156877758,2373.780642773242,0.3333333333333333,0,0.3333333333333333
seg_17_2,17,residential,asphalt,90.28884187776461,23.895236465269157,90.28634187776461,23.892736465269156,90.29134187776461,23.897736465269155,0.7533244717796042,158.40604365473428,159.06561045297494,22.74135026769962,3.702514658129606,0.4,2,6,0.5,0.7,0,0,1,0.10288586347553162,63.626244181189975,3617.366762856565,0.2222222222222222,0,0.2222222222222222
seg_17_3,17,residential,asphalt,90.2938418777646,23.900236465269153,90.29134187776461,23.897736465269155,90.2963418777646,23.902736465269154,0.7533112093938,147.7459640715915,139.2721160388106,18.53027636461977,2.721479323757343,0.4,1,4,0.5,0.7,0,0,1,0.15676182927269827,55.70884641552424,2580.7508000845537,0.1111111111111111,0,0.1111111111111111
seg_18_0,18,residential,unpaved,90.45480660242785,23.730958641147716,90.45230660242785,23.728458641147714,90.45730660242785,23.733458641147713,0.7537589158210807,163.51272585329525,135.14910472064435,0.0,2.083826627929361,0.2,2,11,0.5,0.3,1,0,1,1.0,27.029820944128872,0.0,0.2222222222222222,0,0.2222222222222222
seg_18_1,18,residential,unpaved,90.45980660242785,23.735958641147715,90.45730660242785,23.733458641147713,90.46230660242786,23.738458641147716,0.753745730230125,74.00374046947911,124.94875943729714,0.0,0.6316849611671895,0.4,4,7,0.5,0.3,1,0,0,1.0,49.97950377491886,0.0,0.4444444444444444,0,0.4444444444444444
seg_18_2,18,residential,unpaved,90.46480660242786,23.740958641147714,90.46230660242786,23.738458641147716,90.46730660242785,23.743458641147715,0.7537325422942879,67.07575902149021,132.60421418413242,0.0,1.4687857053924014,0.4,1,4,0.5,0.3,1,0,0,1.0,53.04168567365297,0.0,0.1111111111111111,0,0.1111111111111111
seg_18_3,18,residential,unpaved,90.46980660242785,23.745958641147716,90.46730660242785,23.743458641147715,90.47230660242785,23.748458641147714,0.7537193520198766,116.96292746023732,133.50296683707435,0.0,2.8691545924968964,0.2,1,7,0.5,0.3,1,0,1,1.0,26.70059336741487,0.0,0.1111111111111111,0,0.1111111111111111
seg_19_0,19,residential,unpaved,90.2827227002958,23.748612810924612,90.28022270029581,23.74611281092461,90.2852227002958,23.75111281092461,0.7537123492223528,194.52488613313824,128.60570449605697,1.3995707836942848,2.4413071516992457,0.4,6,8,0.5,0.3,1,0,1,0.8693955504726261,51.44228179842279,179.99278662910206,0.6666666666666666,1,0.6666666666666666
seg_19_1,19,residential,unpaved,90.2877227002958,23.75361281092461,90.2852227002958,23.75111281092461,90.29022270029581,23.756112810924613,0.75369915536462,152.39258318351034,139.28649102163607,6.935991192970402,1.7323589091012064,0.2,2,6,0.5,0.3,1,0,1,0.49977408168591664,27.857298204327215,966.0898750258187,0.2222222222222222,0,0.2222222222222222
seg_19_2,19,residential,unpaved,90.29272270029581,23.75861281092461,90.29022270029581,23.756112810924613,90.29522270029581,23.76111281092461,0.7536859591627302,66.38963154644321,102.85138599861823,12.936532485827218,2.2043890316029766,0.6,2,7,0.5,0.3,0,0,0,0.2742669851696386,61.71083159917093,1330.5402961834793,0.2222222222222222,0,0.2222222222222222
seg_19_3,19,residential,unpaved,90.29772270029581,23.763612810924613,90.29522270029581,23.76111281092461,90.3002227002958,23.76611281092461,0.7536727606232505,187.7639648218113,121.97280920197693,16.59172941924579,3.9725421767898084,0.4,2,10,0.5,0.3,0,0,1,0.19029630112831097,48.78912368079077,2023.7398467844944,0.2222222222222222,0,0.2222222222222222
seg_20_0,20,residential,asphalt,90.46687722341936,23.786759101184963,90.46437722341936,23.784259101184965,90.46937722341936,23.789259101184964,0.7536116306862894,60.639832420066014,68.22660022963713,20.548309779010587,1.0755340118704457,0.2,1,8,0.5,0.7,0,0,0,0.12811448792727193,13.645320045927427,1401.9413166872987,0.1111111111111111,0,0.1111111111111111
seg_20_1,20,residential,asphalt,90.47187722341937,23.791759101184965,90.46937722341936,23.789259101184964,90.47437722341937,23.794259101184966,0.7535984189774145,115.87247249506224,158.79257144010867,17.86848263978422,1.6043192882437363,0.4,0,8,0.5,0.7,0,0,1,0.16748721416423218,63.51702857604347,2837.382306104277,0.0,0,0.0
seg_20_2,20,residential,asphalt,90.47687722341936,23.796759101184968,90.47437722341937,23.794259101184966,90.47937722341936,23.799259101184965,0.7535852049265138,149.15213813709806,154.89924632815234,10.965176614008195,1.9358158387111808,0.6,4,4,0.5,0.7,0,0,1,0.33403227417715686,92.9395477968914,1698.497593364951,0.4444444444444444,0,0.4444444444444444
seg_20_3,20,residential,asphalt,90.48187722341936,23.801759101184963,90.47937722341936,23.799259101184965,90.48437722341936,23.804259101184964,0.7535719885401532,186.99304213643552,153.16060432402438,11.273491316379555,2.3295087355730093,0.6,2,8,0.5,0.7,0,0,1,0.32389071105915684,91.89636259441463,1726.6547428583337,0.2222222222222222,0,0.2222222222222222
seg_21_0,21,secondary,unpaved,90.29697071542672,23.741658067515303,90.29447071542673,23.739158067515305,90.29947071542672,23.744158067515304,0.7537306973104878,114.92240033142039,141.25465064142384,0.0,1.4107283482106938,0.4,2,10,0.3,0.3,1,0,1,1.0,56.501860256569536,0.0,0.2222222222222222,0,0.2222222222222222
seg_21_1,21,secondary,unpaved,90.30197071542673,23.746658067515305,90.29947071542672,23.744158067515304,90.30447071542673,23.749158067515307,0.7537175067082107,146.72489060334706,108.29311779582217,8.974507784517002,3.3705361439967136,0.4,5,13,0.3,0.3,1,0,1,0.4076074180540301,43.31724711832887,971.8774286682227,0.5555555555555556,1,0.5555555555555556
seg_21_2,21,secondary,unpaved,90.30697071542673,23.751658067515308,90.30447071542673,23.749158067515307,90.30947071542673,23.754158067515306,0.7537043137640109,111.76483123767628,133.95058935864094,10.140042089446725,3.2748750412787224,0.2,6,14,0.3,0.3,0,0,1,0.3627634866692954,26.79011787172819,1358.2646140028137,0.6666666666666666,1,0.6666666666666666
seg_21_3,21,secondary,unpaved,90.31197071542672,23.756658067515303,90.30947071542673,23.754158067515306,90.31447071542672,23.759158067515305,0.7536911184792111,143.36204623489948,102.32916097139099,14.675938150229282,3.676393027208203,0.4,3,12,0.3,0.3,0,0,1,0.23047939457199823,40.9316643885564,1501.7764373809903,0.3333333333333333,0,0.3333333333333333
seg_22_0,22,primary,asphalt,90.39273418206606,23.70781794402069,90.39023418206607,23.705317944020692,90.39523418206606,23.71031794402069,0.7538199100731027,136.63900488217362,81.67001172543682,0.0,2.015618333949603,0.2,3,10,0.2,0.7,1,0,1,1.0,16.334002345087367,0.0,0.3333333333333333,0,0.3333333333333333
seg_22_1,22,primary,asphalt,90.39773418206607,23.712817944020692,90.39523418206606,23.71031794402069,90.40023418206607,23.715317944020693,0.7538067353236609,186.14165038348324,131.6083539012961,0.0,0.08702701860206874,0.2,1,8,0.2,0.7,1,0,1,1.0,26.321670780259225,0.0,0.1111111111111111,0,0.1111111111111111
seg_22_2,22,primary,asphalt,90.40273418206607,23.717817944020695,90.40023418206607,23.715317944020693,90.40523418206607,23.720317944020692,0.7537935582280474,186.14165038348324,103.44444949059124,0.0,0.08702701860206874,0.2,1,7,0.2,0.7,1,0,1,1.0,20.688889898118248,0.0,0.1111111111111111,0,0.1111111111111111
seg_22_3,22,primary,asphalt,90.40773418206606,23.72281794402069,90.40523418206607,23.720317944020692,90.41023418206606,23.72531794402069,0.7537803787925705,105.47198839807649,126.69572995684433,0.0,1.047683619261203,0.4,5,10,0.2,0.7,1,0,1,1.0,50.67829198273773,0.0,0.5555555555555556,1,0.5555555555555556
seg_23_0,23,residential,asphalt,90.48998710083691,23.887556174762423,90.48748710083692,23.885056174762422,90.49248710083691,23.89005617476242,0.753344839028654,109.2696361417255,121.11487905384786,12.263936868550452,2.6952029000839994,0.2,6,18,0.5,0.7,0,0,1,0.2933485792375852,24.222975810769572,1485.3452305585135,0.6666666666666666,1,0.6666666666666666
seg_23_1,23,residential,asphalt,90.49498710083691,23.892556174762422,90.49248710083691,23.89005617476242,90.49748710083692,23.895056174762423,0.7533315802289375,86.2965695475568,109.78752171894871,15.686574509304561,1.8510306902327032,0.6,7,15,0.5,0.7,0,0,0,0.20832468080122354,65.87251303136922,1722.1901396361818,0.7777777777777778,1,0.7777777777777778
seg_23_2,23,residential,asphalt,90.49998710083692,23.89755617476242,90.49748710083692,23.895056174762423,90.50248710083692,23.900056174762423,0.7533183190936278,133.7963594675638,98.31970334653732,15.929225585887423,3.2958717818630143,0.2,2,12,0.5,0.7,0,0,1,0.20333049723825578,19.663940669307465,1566.1567341445236,0.2222222222222222,0,0.2222222222222222
seg_23_3,23,residential,asphalt,90.50498710083691,23.902556174762424,90.50248710083692,23.900056174762423,90.50748710083691,23.90505617476242,0.7533050556256241,74.86618102449137,110.65360518549544,18.256953090486196,1.375654610286776,0.2,3,10,0.5,0.7,0,0,0,0.16110558700469724,22.13072103709909,2020.1976791647703,0.3333333333333333,0,0.3333333333333333
seg_24_0,24,secondary,asphalt,90.37433462292886,23.91844720715804,90.37183462292886,23.915947207158037,90.37683462292885,23.920947207158036,0.7532628861032509,188.1491781644864,162.48654920125648,26.213014049689754,2.3229745036176683,0.6,4,12,0.3,0.7,0,0,1,0.07270817844472295,97.49192952075389,4259.262197098142,0.4444444444444444,0,0.4444444444444444
seg_24_1,24,secondary,asphalt,90.37933462292887,23.923447207158038,90.37683462292885,23.920947207158036,90.38183462292886,23.92594720715804,0.7532496128949475,186.4914715781588,180.1282287964788,26.24839009518114,1.247564762646965,0.6,4,12,0.3,0.7,0,0,1,0.07245142008443896,108.07693727788727,4728.076016604016,0.4444444444444444,0,0.4444444444444444
seg_24_2,24,secondary,asphalt,90.38433462292886,23.928447207158037,90.38183462292886,23.92594720715804,90.38683462292886,23.930947207158038,0.7532363373520045,165.74403664679116,160.14330512435694,14.607689910602817,2.1777501062680313,0.8,4,9,0.3,0.7,0,0,1,0.232057755759162,128.11464409948556,2339.323742515657,0.4444444444444444,0,0.4444444444444444
seg_24_3,24,secondary,asphalt,90.38933462292886,23.93344720715804,90.38683462292886,23.930947207158038,90.39183462292885,23.935947207158037,0.7532230594792366,165.74403664679116,159.65030708246138,14.607689910602817,2.1777501062680313,0.8,4,11,0.3,0.7,0,0,1,0.232057755759162,127.72024566596912,2332.1221799931127,0.4444444444444444,0,0.4444444444444444
seg_25_0,25,secondary,asphalt,90.2598352037309,23.67010523964033,90.2573352037309,23.66760523964033,90.2623352037309,23.67260523964033,0.7539192056555967,187.2635102610565,165.5422152806561,18.94822925508228,2.5107920885275945,0.4,3,7,0.3,0.7,0,0,1,0.15034495494596575,66.21688611226244,3136.731846532057,0.3333333333333333,0,0.3333333333333333
seg_25_1,25,secondary,asphalt,90.26483520373091,23.67510523964033,90.2623352037309,23.67260523964033,90.26733520373091,23.677605239640332,0.7539060485868799,124.0721060685393,129.54974200812856,12.591159775059038,2.978422112028035,0.6,3,6,0.3,0.7,0,0,1,0.28390489390961615,77.72984520487714,1631.1815004420246,0.3333333333333333,0,0.3333333333333333
seg_25_2,25,secondary,asphalt,90.2698352037309,23.680105239640334,90.26733520373091,23.677605239640332,90.2723352037309,23.68260523964033,0.7538928891722557,79.28609044347381,147.1962587111432,10.833656918237011,3.7120402840178928,0.8,2,8,0.3,0.7,0,0,0,0.338454473053741,117.75700696891457,1594.6737665245814,0.2222222222222222,0,0.2222222222222222
seg_25_3,25,secondary,asphalt,90.2748352037309,23.68510523964033,90.2723352037309,23.68260523964033,90.2773352037309,23.68760523964033,0.753879727413045,168.13236287881688,147.19625871114323,9.189699114505204,4.271449745422796,0.6,3,8,0.3,0.7,1,0,1,0.3989297624888753,88.31775522668593,1352.689328336272,0.3333333333333333,0,0.3333333333333333
seg_26_0,26,residential,unpaved,90.49798945558261,23.797949485447234,90.49548945558261,23.795449485447232,90.50048945558261,23.80044948544723,0.753582058622713,177.2063134402226,122.11489638519957,13.68056124192864,1.0354622050898086,0.4,1,6,0.5,0.3,0,0,1,0.25460139232616225,48.84595855407983,1670.600318549493,0.1111111111111111,0,0.1111111111111111
seg_26_1,26,residential,unpaved,90.50298945558262,23.802949485447233,90.50048945558261,23.80044948544723,90.50548945558262,23.805449485447234,0.7535688416805623,87.04681986079997,147.46830725589732,13.768275851829888,2.3896141773709036,0.6,4,6,0.5,0.3,0,0,0,0.25237793189933644,88.48098435353839,2030.3843337016012,0.4444444444444444,0,0.4444444444444444
seg_26_2,26,residential,unpaved,90.50798945558262,23.80794948544723,90.50548945558262,23.805449485447234,90.51048945558261,23.810449485447233,0.7535556223977944,177.2638068635787,177.67856432273743,6.725057979463509,1.781346722564964,0.8,1,7,0.5,0.3,1,0,1,0.5104279446572213,142.14285145818994,1194.8986467782456,0.1111111111111111,0,0.1111111111111111
seg_26_3,26,residential,unpaved,90.51298945558261,23.812949485447234,90.51048945558261,23.810449485447233,90.51548945558261,23.815449485447232,0.7535424007773103,178.7265579735746,145.4871563091623,6.055505476318749,1.7559195263257987,0.8,3,8,0.5,0.3,1,0,1,0.5457738694004253,116.38972504732983,880.9982717641741,0.3333333333333333,0,0.3333333333333333
seg_27_0,27,residential,unpaved,90.35292182033756,23.774458141192554,90.35042182033756,23.771958141192556,90.35542182033755,23.776958141192555,0.7536441240746411,198.6991852346331,186.7302341469199,16.219337994774932,1.3722660939154943,0.6,3,10,0.5,0.3,0,0,1,0.19751637247337486,112.03814048815194,3028.6407814723575,0.3333333333333333,0,0.3333333333333333
seg_27_1,27,residential,unpaved,90.35792182033757,23.779458141192556,90.35542182033755,23.776958141192555,90.36042182033756,23.781958141192558,0.7536309181201528,186.44402291548886,163.63470079535716,15.395052229058908,0.9959454031579897,0.4,4,9,0.5,0.3,0,0,1,0.21448719853041778,65.45388031814286,2519.1647652309507,0.4444444444444444,0,0.4444444444444444
seg_27_2,27,residential,unpaved,90.36292182033756,23.78445814119256,90.36042182033756,23.781958141192558,90.36542182033756,23.786958141192557,0.753617709823212,139.26975123585223,118.73293993648645,15.03215087672478,3.058728529883879,0.2,1,7,0.5,0.3,0,0,1,0.2224139291109289,23.74658798729729,1784.8114671623653,0.1111111111111111,0,0.1111111111111111
seg_27_3,27,residential,unpaved,90.36792182033756,23.789458141192554,90.36542182033756,23.786958141192557,90.37042182033755,23.791958141192556,0.7536044991901242,139.26975123585223,130.55282062237197,15.03215087672478,3.058728529883879,0.2,1,6,0.5,0.3,0,0,1,0.2224139291109289,26.110564124474394,1962.4896969774816,0.1111111111111111,0,0.1111111111111111
seg_28_0,28,residential,unpaved,90.27772015243333,23.771589482727713,90.27522015243333,23.76908948272771,90.28022015243333,23.77408948272771,0.7536516996937291,155.73065150650726,93.88223491061935,17.5208267311627,4.095843501809159,0.2,3,10,0.5,0.3,0,0,1,0.17341240574322597,18.77644698212387,1644.8943710032754,0.3333333333333333,0,0.3333333333333333
seg_28_1,28,residential,unpaved,90.28272015243334,23.77658948272771,90.28022015243333,23.77408948272771,90.28522015243334,23.779089482727713,0.7536384950806287,61.43588269603467,119.20265522482039,20.245311448488042,0.45103947494652497,0.8,1,8,0.5,0.3,0,0,0,0.13205574369118595,95.36212417985632,2413.294880513229,0.1111111111111111,0,0.1111111111111111
seg_28_2,28,residential,unpaved,90.28772015243334,23.78158948272771,90.28522015243334,23.779089482727713,90.29022015243333,23.784089482727712,0.7536252881272765,52.54214973343715,101.74321547707707,20.660623751368306,2.1480894197982763,0.2,2,9,0.5,0.3,0,0,0,0.12668363351002043,20.348643095415415,2102.0782942262817,0.2222222222222222,0,0.2222222222222222
seg_28_3,28,residential,unpaved,90.29272015243333,23.786589482727713,90.29022015243333,23.784089482727712,90.29522015243333,23.78908948272771,0.7536120788355167,59.854228843154864,60.44536327042247,21.39647704112652,2.0795978623760365,0.2,4,10,0.5,0.3,0,0,0,0.11769629964117186,12.089072654084495,1293.3178274581467,0.4444444444444444,0,0.4444444444444444
seg_29_0,29,primary,unpaved,90.30291528985872,23.677889748197252,90.30041528985872,23.67538974819725,90.30541528985871,23.68038974819725,0.7538987203746906,160.7896187198496,102.97964567803342,8.49348787564796,0.9498592603978544,0.4,3,9,0.2,0.3,1,0,1,0.4276933605156365,41.19185827121337,874.6563720048997,0.3333333333333333,0,0.3333333333333333
seg_29_1,29,primary,unpaved,90.30791528985873,23.68288974819725,90.30541528985871,23.68038974819725,90.31041528985872,23.685389748197252,0.7538855596564541,55.50820437512317,120.00513417112772,13.05834998371823,1.4608772968510215,0.4,5,12,0.2,0.3,0,0,0,0.2709462009278141,48.00205366845109,1567.0690418496497,0.5555555555555556,1,0.5555555555555556
seg_29_2,29,primary,unpaved,90.31291528985872,23.68788974819725,90.31041528985872,23.685389748197252,90.31541528985872,23.69038974819725,0.753872396590379,143.71757941841037,142.49584062468446,10.224324025569,0.9788375424396998,0.2,4,11,0.2,0.3,0,0,1,0.3597188939990062,28.499168124936894,1456.9236468426125,0.4444444444444444,0,0.4444444444444444
seg_29_3,29,primary,unpaved,90.31791528985872,23.692889748197253,90.31541528985872,23.69038974819725,90.32041528985872,23.69538974819725,0.7538592311798897,164.15566853761743,127.09473133859065,4.121758126263284,3.829620201716087,0.6,3,7,0.2,0.3,1,0,1,0.6622078413173167,76.25683880315438,523.8537417000849,0.3333333333333333,0,0.3333333333333333
seg_30_0,30,primary,asphalt,90.32713925645751,23.736834257509088,90.32463925645752,23.734334257509087,90.32963925645751,23.739334257509086,0.7537434208839934,58.14980522343558,106.29379193744667,0.0,1.6251779433781939,0.2,3,7,0.2,0.7,1,0,0,1.0,21.258758387489337,0.0,0.3333333333333333,0,0.3333333333333333
seg_30_1,30,primary,asphalt,90.33213925645751,23.741834257509087,90.32963925645751,23.739334257509086,90.33463925645752,23.744334257509088,0.7537302325412369,67.11436773319001,86.52503070567042,0.0,1.1999614356023536,0.4,3,12,0.2,0.7,1,0,0,1.0,34.610012282268166,0.0,0.3333333333333333,0,0.3333333333333333
seg_30_2,30,primary,asphalt,90.33713925645752,23.746834257509086,90.33463925645752,23.744334257509088,90.33963925645752,23.749334257509087,0.753717041853927,83.91879968745079,114.44008484034752,5.594074968193612,0.8283456526824382,0.2,1,10,0.2,0.7,1,0,0,0.5715476073200927,22.888016968069508,640.1864139633414,0.1111111111111111,0,0.1111111111111111
seg_30_3,30,primary,asphalt,90.34213925645751,23.75183425750909,90.33963925645752,23.749334257509087,90.34463925645751,23.754334257509086,0.7537038488281094,125.09053567320613,104.1879123187196,7.10517451637617,2.196131459023907,0.8,3,9,0.2,0.7,1,0,1,0.4913898611749029,83.35032985497568,740.2732995214013,0.3333333333333333,0,0.3333333333333333
seg_31_0,31,secondary,unpaved,90.30537701939846,23.894678641214355,90.30287701939847,23.892178641214354,90.30787701939846,23.897178641214353,0.7533259512504284,65.27055244243053,106.40986553100227,14.471406183186534,2.682069490062631,0.4,2,3,0.3,0.3,0,0,0,0.23524197392399504,42.56394621240091,1539.9003859973939,0.2222222222222222,0,0.2222222222222222
seg_31_1,31,secondary,unpaved,90.31037701939846,23.899678641214354,90.30787701939846,23.897178641214353,90.31287701939847,23.902178641214356,0.7533126891268779,65.27055244243053,76.90463497547364,14.471406183186534,2.682069490062631,0.4,2,6,0.3,0.3,0,0,0,0.23524197392399504,30.761853990189458,1112.9182100997728,0.2222222222222222,0,0.2222222222222222
seg_31_2,31,secondary,unpaved,90.31537701939847,23.904678641214353,90.31287701939847,23.902178641214356,90.31787701939847,23.907178641214355,0.7532994246676123,53.779012093884404,117.07818931522162,21.586632982702238,4.067906338163552,0.4,3,10,0.3,0.3,0,0,0,0.11547937940258339,46.83127572608865,2527.3239030270197,0.3333333333333333,0,0.3333333333333333
seg_31_3,31,secondary,unpaved,90.32037701939846,23.909678641214356,90.31787701939847,23.907178641214355,90.32287701939846,23.912178641214354,0.7532861578786708,175.32203386132915,118.65881442358777,22.030987961064408,3.9114190871397234,0.2,5,15,0.3,0.3,0,0,1,0.1104603334132604,23.731762884717554,2614.170912040238,0.5555555555555556,1,0.5555555555555556
seg_32_0,32,secondary,asphalt,90.37335279388645,23.803111451820882,90.37085279388646,23.800611451820885,90.37585279388645,23.805611451820884,0.7535684135004979,166.30192256047036,165.05052686088635,7.733882018784584,1.2878261358239564,0.8,3,8,0.3,0.7,1,0,1,0.46144694123901897,132.0404214887091,1276.4813018803309,0.3333333333333333,0,0.3333333333333333
seg_32_1,32,secondary,asphalt,90.37835279388645,23.808111451820885,90.37585279388645,23.805611451820884,90.38085279388646,23.810611451820886,0.753555194143134,166.30192256047036,139.48527816918616,7.733882018784584,1.2878261358239564,0.8,3,8,0.3,0.7,1,0,1,0.46144694123901897,111.58822253534893,1078.7626847178346,0.3333333333333333,0,0.3333333333333333
seg_32_2,32,secondary,asphalt,90.38335279388646,23.813111451820888,90.38085279388646,23.810611451820886,90.38585279388646,23.815611451820885,0.7535419724475408,103.67211261703233,113.30003647104758,5.833203668819467,1.910765845778551,0.8,5,10,0.3,0.7,1,0,1,0.5580423815525478,90.64002917683807,660.9021884202941,0.5555555555555556,1,0.5555555555555556
seg_32_3,32,secondary,asphalt,90.38835279388645,23.818111451820883,90.38585279388646,23.815611451820885,90.39085279388645,23.820611451820884,0.7535287484147812,76.23221557639391,122.41797289678205,0.0,3.962587190530795,0.4,2,10,0.3,0.7,1,0,0,1.0,48.96718915871282,0.0,0.2222222222222222,0,0.2222222222222222
seg_33_0,33,residential,unpaved,90.41813774743257,23.75053719889118,90.41563774743257,23.748037198891183,90.42063774743256,23.75303719889118,0.753707271478092,80.4834636629131,104.6943551228655,5.7101945511227115,2.224216404290793,0.2,0,6,0.5,0.3,1,0,0,0.5649492046722041,20.938871024573103,597.8251361558928,0.0,0,0.0
seg_33_1,33,residential,unpaved,90.42313774743258,23.755537198891183,90.42063774743256,23.75303719889118,90.42563774743257,23.758037198891184,0.7536940767200365,81.79910820479871,85.75681286458651,6.211856113032399,3.1834936668899276,0.6,3,5,0.5,0.3,1,0,0,0.5373070225268683,51.4540877187519,532.7089822270572,0.3333333333333333,0,0.3333333333333333
seg_33_2,33,residential,unpaved,90.42813774743257,23.760537198891186,90.42563774743257,23.758037198891184,90.43063774743257,23.763037198891183,0.7536808796181921,81.79910820479871,113.30890697763327,6.211856113032399,3.1834936668899276,0.6,3,6,0.5,0.3,1,0,0,0.5373070225268683,67.98534418657997,703.8586264700307,0.3333333333333333,0,0.3333333333333333
seg_33_3,33,residential,unpaved,90.43313774743257,23.76553719889118,90.43063774743257,23.763037198891183,90.43563774743257,23.768037198891182,0.7536676801762432,163.1397460020534,161.25900592454812,13.924726410405713,1.9243343956741696,0.6,1,6,0.5,0.3,0,0,1,0.24846019160150232,96.75540355472887,2245.4875387133266,0.1111111111111111,0,0.1111111111111111
seg_34_0,34,primary,asphalt,90.29809063580298,23.789403798043672,90.29559063580298,23.78690379804367,90.30059063580298,23.79190379804367,0.7536046427841857,68.93971123467541,137.25648650761892,18.19709303156794,2.1235476959555823,0.8,4,11,0.2,0.7,0,0,0,0.1620728581548238,109.80518920609514,2497.669054165291,0.4444444444444444,0,0.4444444444444444
seg_34_1,34,primary,asphalt,90.30309063580299,23.79440379804367,90.30059063580298,23.79190379804367,90.30559063580299,23.796903798043672,0.7535914298380259,167.27357950174036,137.33658949051465,19.139669419603763,0.4649597524676403,0.2,3,11,0.2,0.7,0,0,1,0.14749412390022726,27.467317898102934,2628.5769220642787,0.3333333333333333,0,0.3333333333333333
seg_34_2,34,primary,asphalt,90.30809063580298,23.79940379804367,90.30559063580299,23.796903798043672,90.31059063580298,23.80190379804367,0.7535782145502492,69.18002018336263,107.99620693267487,14.248518227731118,1.87234531848181,0.8,4,11,0.2,0.7,0,0,0,0.24054410372595483,86.3969655461399,1538.7859230060396,0.4444444444444444,0,0.4444444444444444
seg_34_3,34,primary,asphalt,90.31309063580298,23.804403798043673,90.31059063580298,23.80190379804367,90.31559063580298,23.80690379804367,0.7535649969271605,176.88821595165982,107.99620693267487,15.37314395684714,1.1361170394102338,0.4,3,11,0.2,0.7,0,0,1,0.21495761803932792,43.19848277306995,1660.241235969464,0.3333333333333333,0,0.3333333333333333
seg_35_0,35,residential,asphalt,90.30224070659426,23.893877221702127,90.29974070659426,23.891377221702125,90.30474070659426,23.896377221702124,0.7533280767386087,65.27055244243053,106.40986553100227,14.471406183186534,2.682069490062631,0.4,2,3,0.5,0.7,0,0,0,0.23524197392399504,42.56394621240091,1539.9003859973939,0.2222222222222222,0,0.2222222222222222
seg_35_1,35,residential,asphalt,90.30724070659426,23.898877221702126,90.30474070659426,23.896377221702124,90.30974070659427,23.901377221702127,0.7533148149889584,65.27055244243053,106.40986553100227,14.471406183186534,2.682069490062631,0.4,2,3,0.5,0.7,0,0,0,0.23524197392399504,42.56394621240091,1539.9003859973939,0.2222222222222222,0,0.2222222222222222
seg_35_2,35,residential,asphalt,90.31224070659427,23.903877221702125,90.30974070659427,23.901377221702127,90.31474070659426,23.906377221702126,0.7533015509035482,53.779012093884404,80.39436217558875,21.586632982702238,4.067906338163552,0.4,3,7,0.5,0.7,0,0,0,0.11547937940258339,32.157744870235504,1735.4435901628733,0.3333333333333333,0,0.3333333333333333
seg_35_3,35,residential,asphalt,90.31724070659426,23.908877221702127,90.31474070659426,23.906377221702126,90.31974070659426,23.911377221702125,0.7532882844886779,175.32203386132915,117.07818931522162,22.030987961064408,3.9114190871397234,0.2,5,10,0.5,0.7,0,0,1,0.1104603334132604,23.415637863044324,2579.348179306867,0.5555555555555556,1,0.5555555555555556
seg_36_0,36,secondary,asphalt,90.37138732295945,23.818630466768845,90.36888732295945,23.816130466768847,90.37388732295945,23.821130466768846,0.7535273755867485,94.25610614812344,123.43750907779877,0.0,2.685507738790204,0.6,4,7,0.3,0.7,1,0,0,1.0,74.06250544667925,0.0,0.4444444444444444,0,0.4444444444444444
seg_36_1,36,secondary,asphalt,90.37638732295946,23.823630466768847,90.37388732295945,23.821130466768846,90.37888732295946,23.82613046676885,0.7535141489742542,92.371811596554,110.18768865261234,0.0,1.1679386951501434,0.4,1,7,0.3,0.7,1,0,0,1.0,44.07507546104494,0.0,0.1111111111111111,0,0.1111111111111111
seg_36_2,36,secondary,asphalt,90.38138732295945,23.82863046676885,90.37888732295946,23.82613046676885,90.38388732295945,23.831130466768847,0.7535009200249208,103.66973979881627,144.70096383284178,0.0,3.32893331953541,0.6,3,9,0.3,0.7,1,0,1,1.0,86.82057829970506,0.0,0.3333333333333333,0,0.3333333333333333
seg_36_3,36,secondary,asphalt,90.38638732295945,23.833630466768845,90.38388732295945,23.831130466768847,90.38888732295945,23.836130466768847,0.7534876887390286,156.53641979349675,127.02921404908513,0.0,2.333859966568535,0.4,5,9,0.3,0.7,1,0,1,1.0,50.811685619634055,0.0,0.5555555555555556,1,0.5555555555555556
seg_37_0,37,secondary,asphalt,90.49075241946997,23.86947295456922,90.48825241946997,23.866972954569217,90.49325241946997,23.871972954569216,0.7533927719129754,191.85472205004234,172.38550070949157,0.0,1.8154746423441503,0.2,1,10,0.3,0.7,1,0,1,1.0,34.47710014189831,0.0,0.1111111111111111,0,0.1111111111111111
seg_37_1,37,secondary,asphalt,90.49575241946997,23.874472954569217,90.49325241946997,23.871972954569216,90.49825241946998,23.87697295456922,0.753379521553403,137.56591707711675,142.39446639637032,0.0,0.40240083040456787,0.2,4,11,0.3,0.7,1,0,1,1.0,28.478893279274065,0.0,0.4444444444444444,0,0.4444444444444444
seg_37_2,37,secondary,asphalt,90.50075241946998,23.879472954569216,90.49825241946998,23.87697295456922,90.50325241946997,23.881972954569218,0.7533662688564389,74.45530053973866,115.17455381848193,2.9010911265701393,3.629166364900945,0.8,3,11,0.3,0.7,1,0,0,0.7481819270066509,92.13964305478555,334.1318760894729,0.3333333333333333,0,0.3333333333333333
seg_37_3,37,secondary,asphalt,90.50575241946997,23.88447295456922,90.50325241946997,23.881972954569218,90.50825241946997,23.886972954569217,0.7533530138274215,169.18674180502853,132.49469807330192,10.652499878724653,1.587002177856566,0.8,6,10,0.3,0.7,0,0,1,0.3446416877550302,105.99575845864155,1411.3997551575083,0.6666666666666666,1,0.6666666666666666
seg_38_0,38,residential,asphalt,90.51362418611997,23.765295464404275,90.51112418611997,23.762795464404277,90.51612418611997,23.767795464404276,0.7536683183821017,95.18978911400006,138.93279315783596,8.792119483862411,1.9382358001398712,0.2,5,7,0.5,0.7,1,0,0,0.41510991085368143,27.786558631567193,1221.5137176704359,0.5555555555555556,1,0.5555555555555556
seg_38_1,38,residential,asphalt,90.51862418611998,23.770295464404278,90.51612418611997,23.767795464404276,90.52112418611998,23.77279546440428,0.7536551167160788,95.18978911400006,158.53318423044144,8.792119483862411,1.9382358001398712,0.2,5,10,0.5,0.7,1,0,0,0.41510991085368143,31.706636846088287,1393.8426979112132,0.5555555555555556,1,0.5555555555555556
seg_38_2,38,residential,asphalt,90.52362418611997,23.77529546440428,90.52112418611998,23.77279546440428,90.52612418611997,23.777795464404278,0.7536419127070914,182.02351068822276,153.5040539473442,17.634852172401434,3.523238621712258,0.6,4,11,0.5,0.7,0,0,1,0.17144629377678805,92.10243236840653,2707.0212992257498,0.4444444444444444,0,0.4444444444444444
seg_38_3,38,residential,asphalt,90.52862418611997,23.780295464404276,90.52612418611997,23.777795464404278,90.53112418611997,23.782795464404277,0.7536287063594362,182.02351068822276,147.671592410228,17.634852172401434,3.523238621712258,0.6,4,10,0.5,0.7,0,0,1,0.17144629377678805,88.60295544613679,2604.166702217488,0.4444444444444444,0,0.4444444444444444
seg_39_0,39,secondary,unpaved,90.43283839967697,23.823861243778566,90.43033839967697,23.821361243778565,90.43533839967697,23.826361243778564,0.753513538438218,93.9962916170847,105.55624636823218,0.0,2.046002747253274,0.4,1,6,0.3,0.3,1,0,0,1.0,42.22249854729287,0.0,0.1111111111111111,0,0.1111111111111111
seg_39_1,39,secondary,unpaved,90.43783839967696,23.828861243778565,90.43533839967697,23.826361243778564,90.44033839967697,23.831361243778566,0.7535003093810337,93.9962916170847,89.69253762197313,0.0,2.046002747253274,0.4,1,13,0.3,0.3,1,0,0,1.0,35.877015048789254,0.0,0.1111111111111111,0,0.1111111111111111
seg_39_2,39,secondary,unpaved,90.44283839967697,23.833861243778564,90.44033839967697,23.831361243778566,90.44533839967697,23.836361243778565,0.7534870779873034,105.35795326413748,151.3738866632028,0.0,2.3829889847409285,0.4,9,18,0.3,0.3,1,0,1,1.0,60.54955466528112,0.0,1.0,1,1.0
seg_39_3,39,secondary,unpaved,90.44783839967697,23.838861243778567,90.44533839967697,23.836361243778565,90.45033839967697,23.841361243778564,0.753473844257307,189.76305791492246,164.76635144789415,0.0,1.282081109252398,0.2,3,10,0.3,0.3,1,0,1,1.0,32.95327028957883,0.0,0.3333333333333333,0,0.3333333333333333
seg_40_0,40,residential,asphalt,90.36792221573856,23.69630301956127,90.36542221573856,23.69380301956127,90.37042221573856,23.698803019561268,0.7538502424108647,121.5350159701955,143.24552231376214,0.0,0.846667596794255,0.4,8,13,0.5,0.7,1,0,1,1.0,57.29820892550486,0.0,0.8888888888888888,1,0.8888888888888888
seg_40_1,40,residential,asphalt,90.37292221573855,23.70130301956127,90.37042221573856,23.698803019561268,90.37542221573857,23.70380301956127,0.7538370730593112,163.01418833854535,115.98087766252559,0.0,0.18202077461284527,0.6,2,13,0.5,0.7,1,0,1,1.0,69.58852659751535,0.0,0.2222222222222222,0,0.2222222222222222
seg_40_2,40,residential,asphalt,90.37792221573856,23.70630301956127,90.37542221573857,23.70380301956127,90.38042221573856,23.70880301956127,0.7538239013609441,63.39342867883594,79.63151052492614,0.0,2.975312458477979,0.6,3,8,0.5,0.7,1,0,0,1.0,47.778906314955684,0.0,0.3333333333333333,0,0.3333333333333333
seg_40_3,40,residential,asphalt,90.38292221573856,23.71130301956127,90.38042221573856,23.70880301956127,90.38542221573856,23.71380301956127,0.7538107273194489,57.22142539675302,106.7769665470816,0.0,0.957955587756897,0.2,3,7,0.5,0.7,1,0,0,1.0,21.35539330941632,0.0,0.3333333333333333,0,0.3333333333333333
seg_41_0,41,primary,unpaved,90.40363403458235,23.794897897973122,90.40113403458236,23.792397897973125,90.40613403458235,23.797397897973124,0.7535901240063986,128.4994446792112,128.26500503377358,20.48294993288619,1.2152380918722967,0.6,2,9,0.2,0.3,0,0,1,0.12895458468806698,76.95900302026415,2627.2456762481793,0.2222222222222222,0,0.2222222222222222
seg_41_1,41,primary,unpaved,90.40863403458235,23.799897897973125,90.40613403458235,23.797397897973124,90.41113403458236,23.802397897973126,0.753576908490953,71.32056856901865,95.61453120950506,14.185590840938616,2.3584536182096203,0.6,5,11,0.2,0.3,0,0,0,0.24206255751727737,57.36871872570303,1356.3486181861945,0.5555555555555556,1,0.5555555555555556
seg_41_2,41,primary,unpaved,90.41363403458236,23.804897897973127,90.41113403458236,23.802397897973126,90.41613403458236,23.807397897973125,0.753563690633937,148.14388284874428,104.49592496632705,4.3759695365452504,2.848174212666668,0.8,2,14,0.2,0.3,1,0,1,0.6455859314781698,83.59673997306164,457.27098434576544,0.2222222222222222,0,0.2222222222222222
seg_41_3,41,primary,unpaved,90.41863403458235,23.809897897973123,90.41613403458236,23.807397897973125,90.42113403458235,23.812397897973124,0.7535504704419161,148.14388284874428,116.13794687180466,4.3759695365452504,2.848174212666668,0.8,2,5,0.2,0.3,1,0,1,0.6455859314781698,92.91035749744373,508.2161175479279,0.2222222222222222,0,0.2222222222222222
seg_42_0,42,primary,asphalt,90.4928696743148,23.67393977785362,90.4903696743148,23.671439777853617,90.4953696743148,23.676439777853616,0.7539091156085216,156.15820254012914,143.3183799049535,9.86533899709548,0.8181258745791988,0.4,2,7,0.2,0.7,1,0,1,0.37286684771331796,57.32735196198141,1413.8844022768828,0.2222222222222222,0,0.2222222222222222
seg_42_1,42,primary,asphalt,90.49786967431481,23.678939777853618,90.4953696743148,23.676439777853616,90.50036967431481,23.68143977785362,0.7538959567407638,198.9882523134446,151.9160956229792,9.9290415283069,2.8616361244979442,0.4,5,7,0.2,0.7,1,0,1,0.37049914096536657,60.76643824919169,1508.3812222588028,0.5555555555555556,1,0.5555555555555556
seg_42_2,42,primary,asphalt,90.50286967431481,23.683939777853617,90.50036967431481,23.68143977785362,90.5053696743148,23.686439777853618,0.7538827955280943,175.12168955010137,157.17477367006526,8.048839108044582,3.218970789793663,0.6,6,11,0.2,0.7,1,0,1,0.447139831649839,94.30486420203916,1265.0744651136772,0.6666666666666666,1,0.6666666666666666
seg_42_3,42,primary,asphalt,90.5078696743148,23.68893977785362,90.5053696743148,23.686439777853618,90.5103696743148,23.691439777853617,0.7538696319707909,184.7840907012259,185.23552656535261,2.3739938750564176,2.881407528923571,0.2,3,14,0.2,0.7,1,0,1,0.7886762376728887,37.047105313070524,439.74800550899744,0.3333333333333333,0,0.3333333333333333
seg_43_0,43,secondary,unpaved,90.30310122490634,23.884207804352435,90.30060122490634,23.881707804352434,90.30560122490634,23.886707804352433,0.7533537167996575,159.62314474710945,126.88559678926786,7.690452296489898,2.2806364044901364,0.2,5,8,0.3,0.3,1,0,1,0.46345535056637566,25.377119357853573,975.8076292195162,0.5555555555555556,1,0.5555555555555556
seg_43_1,43,secondary,unpaved,90.30810122490635,23.889207804352434,90.30560122490634,23.886707804352433,90.31060122490635,23.891707804352436,0.7533404595629528,121.331905623024,105.87449810635326,11.703784059682674,3.2002617497388295,0.2,4,13,0.3,0.3,0,0,1,0.31024951878064294,21.174899621270654,1239.1322632640406,0.4444444444444444,0,0.4444444444444444
seg_43_2,43,secondary,unpaved,90.31310122490635,23.894207804352433,90.31060122490635,23.891707804352436,90.31560122490635,23.896707804352435,0.7533271999896838,179.02095400241524,120.61471776021922,16.00069394830873,1.3932997052347034,0.6,7,15,0.3,0.3,0,0,1,0.20188250790605483,72.36883065613154,1929.9191845429052,0.7777777777777778,1,0.7777777777777778
seg_43_3,43,secondary,unpaved,90.31810122490634,23.899207804352436,90.31560122490635,23.896707804352435,90.32060122490634,23.901707804352434,0.7533139380837939,53.779012093884404,141.1077784670878,21.586632982702238,4.067906338163552,0.4,3,13,0.3,0.3,0,0,0,0.11547937940258339,56.44311138683512,3046.041824773478,0.3333333333333333,0,0.3333333333333333
seg_44_0,44,primary,asphalt,90.28240208023611,23.85758725073095,90.27990208023611,23.85508725073095,90.28490208023611,23.86008725073095,0.7534242605180775,60.67374277601492,79.18399288190069,0.0,2.889037122279892,0.2,5,10,0.2,0.7,1,0,0,1.0,15.83679857638014,0.0,0.5555555555555556,1,0.5555555555555556
seg_44_1,44,primary,asphalt,90.28740208023612,23.86258725073095,90.28490208023611,23.86008725073095,90.28990208023612,23.86508725073095,0.7534110157072411,57.53390171959607,66.38407683765128,0.0,2.388978729352184,0.2,3,9,0.2,0.7,1,0,0,1.0,13.276815367530256,0.0,0.3333333333333333,0,0.3333333333333333
seg_44_2,44,primary,asphalt,90.29240208023612,23.86758725073095,90.28990208023612,23.86508725073095,90.29490208023611,23.87008725073095,0.7533977685592194,90.79245891929466,66.38407683765128,1.6704990332103957,0.6357477390168778,0.8,4,9,0.2,0.7,1,0,0,0.8461573842199656,53.107261470121024,110.89453617786108,0.4444444444444444,0,0.4444444444444444
seg_44_3,44,primary,asphalt,90.29740208023611,23.872587250730952,90.29490208023611,23.87008725073095,90.29990208023611,23.87508725073095,0.7533845190770826,90.79245891929466,90.69274193392442,1.6704990332103957,0.6357477390168778,0.8,4,11,0.2,0.7,1,0,0,0.8461573842199656,72.55419354713955,151.50213771982067,0.4444444444444444,0,0.4444444444444444
seg_45_0,45,primary,asphalt,90.49584992290914,23.828450338050736,90.49334992290915,23.825950338050735,90.49834992290914,23.830950338050734,0.753501396647358,65.28385820990204,123.13478456219156,0.0,2.158053489920132,0.2,5,8,0.2,0.7,1,0,0,1.0,24.626956912438313,0.0,0.5555555555555556,1,0.5555555555555556
seg_45_1,45,primary,asphalt,90.50084992290914,23.833450338050735,90.49834992290914,23.830950338050734,90.50334992290915,23.835950338050736,0.753488165447645,65.28385820990204,128.92781087848053,0.0,2.158053489920132,0.2,5,8,0.2,0.7,1,0,0,1.0,25.785562175696107,0.0,0.5555555555555556,1,0.5555555555555556
seg_45_2,45,primary,asphalt,90.50584992290915,23.838450338050734,90.50334992290915,23.835950338050736,90.50834992290915,23.840950338050735,0.7534749319085008,148.78107735050824,167.60442909277853,0.0,1.9055412855579972,0.8,1,6,0.2,0.7,1,0,1,1.0,134.08354327422282,0.0,0.1111111111111111,0,0.1111111111111111
seg_45_3,45,primary,asphalt,90.51084992290914,23.843450338050737,90.50834992290915,23.840950338050735,90.51334992290914,23.845950338050734,0.7534616960333476,68.45049426856184,137.78691273050788,0.0,2.0980675395389445,0.2,8,13,0.2,0.7,1,0,0,1.0,27.55738254610158,0.0,0.8888888888888888,1,0.8888888888888888
seg_46_0,46,secondary,unpaved,90.32116693491814,23.873698878315295,90.31866693491814,23.871198878315294,90.32366693491814,23.876198878315293,0.7533815730630254,101.78347142025382,99.82304704174423,2.9270352698657187,2.48387665118804,0.2,2,9,0.3,0.3,1,0,1,0.7462433489188718,19.96460940834885,292.1855794366502,0.2222222222222222,0,0.2222222222222222
seg_46_1,46,secondary,unpaved,90.32616693491815,23.878698878315294,90.32366693491814,23.876198878315293,90.32866693491815,23.881198878315296,0.753368320729036,183.84537472094783,151.80895471701103,11.292533770230177,1.5438791725258119,0.4,2,7,0.3,0.3,0,0,1,0.3232745305330165,60.72358188680442,1714.307747765191,0.2222222222222222,0,0.2222222222222222
seg_46_2,46,secondary,unpaved,90.33116693491814,23.883698878315293,90.32866693491815,23.881198878315296,90.33366693491814,23.886198878315295,0.7533550660605112,195.06899228887556,156.74051438271204,14.756614920382933,0.9914453159237919,0.8,4,11,0.3,0.3,0,0,1,0.22862744178126646,125.39241150616964,2312.9594131684244,0.4444444444444444,0,0.4444444444444444
seg_46_3,46,secondary,unpaved,90.33616693491814,23.888698878315296,90.33366693491814,23.886198878315295,90.33866693491814,23.891198878315294,0.753341809059297,73.6932234253022,120.02313061749685,14.802868234792948,1.342165446147863,0.2,4,13,0.3,0.3,0,0,0,0.22757240591273217,24.00462612349937,1776.686587658149,0.4444444444444444,0,0.4444444444444444
seg_47_0,47,secondary,unpaved,90.31847178401235,23.682994666271014,90.31597178401235,23.680494666271017,90.32097178401234,23.685494666271016,0.7538852834698427,143.71757941841037,145.44342217749244,10.224324025569,0.9788375424396998,0.2,4,7,0.3,0.3,0,0,1,0.3597188939990062,29.08868443549849,1487.060675730311,0.4444444444444444,0,0.4444444444444444
seg_47_1,47,secondary,unpaved,90.32347178401236,23.687994666271017,90.32097178401234,23.685494666271016,90.32597178401235,23.690494666271018,0.7538721203577168,119.61427391802559,142.49584062468446,3.8809750258311655,2.771920154836675,0.4,4,11,0.3,0.3,1,0,1,0.6783461995328625,56.99833624987379,553.0227987492184,0.4444444444444444,0,0.4444444444444444
seg_47_2,47,secondary,unpaved,90.32847178401235,23.69299466627102,90.32597178401235,23.690494666271018,90.33097178401235,23.695494666271017,0.7538589548977754,102.10149893882641,135.3783901993846,0.0,2.8584511166566653,0.8,2,5,0.3,0.3,1,0,1,1.0,108.30271215950768,0.0,0.2222222222222222,0,0.2222222222222222
seg_47_3,47,secondary,unpaved,90.33347178401235,23.697994666271015,90.33097178401235,23.695494666271017,90.33597178401234,23.700494666271016,0.7538457870944866,102.10149893882641,115.79711664095699,0.0,2.8584511166566653,0.8,2,9,0.3,0.3,1,0,1,1.0,92.63769331276559,0.0,0.2222222222222222,0,0.2222222222222222
seg_48_0,48,secondary,asphalt,90.44665091078554,23.765932056518885,90.44415091078554,23.763432056518887,90.44915091078553,23.768432056518886,0.7536666376962836,180.58676375690104,142.06174908538006,19.099571870167864,2.6979032725390275,0.2,5,7,0.3,0.7,0,0,1,0.14808672649428206,28.412349817076013,2713.31858665797,0.5555555555555556,1,0.5555555555555556
seg_48_1,48,secondary,asphalt,90.45165091078553,23.770932056518888,90.44915091078553,23.768432056518886,90.45415091078554,23.77343205651889,0.7536534357326039,74.86246697302339,124.20008151382905,19.16191012605266,2.834751326324882,0.8,2,10,0.3,0.7,0,0,0,0.14716645106780007,99.36006521106324,2379.9107996164066,0.2222222222222222,0,0.2222222222222222
seg_48_2,48,secondary,asphalt,90.45665091078554,23.77593205651889,90.45415091078554,23.77343205651889,90.45915091078554,23.778432056518888,0.7536402314257341,89.02366864430768,98.90394542516265,23.221647872420995,2.996858773465808,0.6,4,9,0.3,0.7,0,0,0,0.09806107430387692,59.342367255097585,2296.7125938562704,0.4444444444444444,0,0.4444444444444444
seg_48_3,48,secondary,asphalt,90.46165091078554,23.780932056518886,90.45915091078554,23.778432056518888,90.46415091078553,23.783432056518887,0.7536270247804933,89.02366864430768,80.06688496133039,23.221647872420995,2.996858773465808,0.6,4,7,0.3,0.7,0,0,0,0.09806107430387692,48.04013097679823,1859.2850088136543,0.4444444444444444,0,0.4444444444444444
seg_49_0,49,residential,asphalt,90.45221125119622,23.704140312836934,90.44971125119622,23.701640312836936,90.45471125119622,23.706640312836935,0.7538295989513122,159.05851424230852,111.66317644009116,0.0,3.279518669760159,0.2,5,12,0.5,0.7,1,0,1,1.0,22.332635288018235,0.0,0.5555555555555556,1,0.5555555555555556
seg_49_1,49,residential,asphalt,90.45721125119621,23.709140312836936,90.45471125119622,23.706640312836935,90.45971125119623,23.711640312836938,0.7538164259262803,93.07069371268634,147.84629713464588,0.0,1.629491901409971,0.4,6,9,0.5,0.7,1,0,0,1.0,59.13851885385836,0.0,0.6666666666666666,1,0.6666666666666666
seg_49_2,49,residential,asphalt,90.46221125119622,23.71414031283694,90.45971125119623,23.711640312836938,90.46471125119622,23.716640312836937,0.7538032505548715,161.53908742648397,114.81573536098706,0.0,2.9514492770580865,0.2,0,8,0.5,0.7,1,0,1,1.0,22.963147072197415,0.0,0.0,0,0.0
seg_49_3,49,residential,asphalt,90.46721125119622,23.719140312836934,90.46471125119622,23.716640312836937,90.46971125119622,23.721640312836936,0.7537900728405101,161.53908742648397,114.81573536098706,0.0,2.9514492770580865,0.2,0,8,0.5,0.7,1,0,1,1.0,22.963147072197415,0.0,0.0,0,0.0
